<?xml version="1.0" encoding="utf-8" ?><dwsync><file name="FontAwesome.otf" server="www.crossfitdeviate.com/public_html/projectdv8/" local="3591295200" remote="3596231640" Dst="-1" /><file name="fontawesome-webfont.svg" server="www.crossfitdeviate.com/public_html/projectdv8/" local="3591295200" remote="3596231640" Dst="-1" /><file name="fontawesome-webfont.woff2" server="www.crossfitdeviate.com/public_html/projectdv8/" local="3591295200" remote="3596231640" Dst="-1" /><file name="fontawesome-webfont.woff" server="www.crossfitdeviate.com/public_html/projectdv8/" local="3591295200" remote="3596231640" Dst="-1" /><file name="fontawesome-webfont.ttf" server="www.crossfitdeviate.com/public_html/projectdv8/" local="3591295200" remote="3596231640" Dst="-1" /><file name="fontawesome-webfont.eot" server="www.crossfitdeviate.com/public_html/projectdv8/" local="3591295200" remote="3596231640" Dst="-1" /><file name="fontawesome-webfont.svg" server="Macintosh HD/Applications/MAMP/htdocs/" local="3591295200" remote="3591295200" Dst="-1" /><file name="FontAwesome.otf" server="Macintosh HD/Applications/MAMP/htdocs/" local="3591295200" remote="3591295200" Dst="-1" /><file name="fontawesome-webfont.woff2" server="Macintosh HD/Applications/MAMP/htdocs/" local="3591295200" remote="3591295200" Dst="-1" /><file name="fontawesome-webfont.ttf" server="Macintosh HD/Applications/MAMP/htdocs/" local="3591295200" remote="3591295200" Dst="-1" /><file name="fontawesome-webfont.woff" server="Macintosh HD/Applications/MAMP/htdocs/" local="3591295200" remote="3591295200" Dst="-1" /><file name="fontawesome-webfont.eot" server="Macintosh HD/Applications/MAMP/htdocs/" local="3591295200" remote="3591295200" Dst="-1" /></dwsync>