<?xml version="1.0" encoding="utf-8" ?><dwsync><file name="_index.scss" server="www.crossfitdeviate.com/public_html/projectdv8/" local="3595087349" remote="3596231760" Dst="-1" /><file name="_bootstrap-variables.scss" server="www.crossfitdeviate.com/public_html/projectdv8/" local="3595086568" remote="3596231760" Dst="-1" /><file name="_navbar.scss" server="www.crossfitdeviate.com/public_html/projectdv8/" local="3596146881" remote="3596231760" Dst="-1" /><file name="_variables.scss" server="www.crossfitdeviate.com/public_html/projectdv8/" local="3595193632" remote="3596231760" Dst="-1" /><file name="_carousel.scss" server="www.crossfitdeviate.com/public_html/projectdv8/" local="3595808446" remote="3596231760" Dst="-1" /><file name="styles.css" server="www.crossfitdeviate.com/public_html/projectdv8/" local="3594227772" remote="3596231760" Dst="-1" /><file name="_membership.scss" server="www.crossfitdeviate.com/public_html/projectdv8/" local="3595542212" remote="3596231760" Dst="-1" /><file name="_coaches.scss" server="www.crossfitdeviate.com/public_html/projectdv8/" local="3595801973" remote="3596231760" Dst="-1" /><file name="_utilities.scss" server="www.crossfitdeviate.com/public_html/projectdv8/" local="3596153898" remote="3596231760" Dst="-1" /><file name="styles.scss" server="www.crossfitdeviate.com/public_html/projectdv8/" local="3595801784" remote="3596231760" Dst="-1" /><file name="_getting-started.scss" server="www.crossfitdeviate.com/public_html/projectdv8/" local="3595718002" remote="3596231760" Dst="-1" /><file name="_mixins.scss" server="www.crossfitdeviate.com/public_html/projectdv8/" local="3594837052" remote="3596231760" Dst="-1" /><file name="_program.scss" server="www.crossfitdeviate.com/public_html/projectdv8/" local="3595799168" remote="3596231760" Dst="-1" /><file name="_footer.scss" server="www.crossfitdeviate.com/public_html/projectdv8/" local="3595093035" remote="3596231760" Dst="-1" /><file name="_elements.scss" server="www.crossfitdeviate.com/public_html/projectdv8/" local="3595803009" remote="3596231760" Dst="-1" /><file name="_wodify.scss" server="www.crossfitdeviate.com/public_html/projectdv8/" local="3595633621" remote="3596231760" Dst="-1" /><file name="_classes.scss" server="www.crossfitdeviate.com/public_html/projectdv8/" local="3595189714" remote="3596231760" Dst="-1" /><file name="_index.scss" server="Macintosh HD/Applications/MAMP/htdocs/" local="3595087349" remote="3595087349" Dst="-1" /><file name="_bootstrap-variables.scss" server="Macintosh HD/Applications/MAMP/htdocs/" local="3595086568" remote="3595086568" Dst="-1" /><file name="_navbar.scss" server="Macintosh HD/Applications/MAMP/htdocs/" local="3596146881" remote="3596146881" Dst="-1" /><file name="_variables.scss" server="Macintosh HD/Applications/MAMP/htdocs/" local="3595193632" remote="3595193632" Dst="-1" /><file name="_carousel.scss" server="Macintosh HD/Applications/MAMP/htdocs/" local="3595808446" remote="3595808446" Dst="-1" /><file name="styles.css" server="Macintosh HD/Applications/MAMP/htdocs/" local="3594227772" remote="3594227772" Dst="-1" /><file name="_coaches.scss" server="Macintosh HD/Applications/MAMP/htdocs/" local="3595801973" remote="3595801973" Dst="-1" /><file name="_membership.scss" server="Macintosh HD/Applications/MAMP/htdocs/" local="3595542212" remote="3595542212" Dst="-1" /><file name="_utilities.scss" server="Macintosh HD/Applications/MAMP/htdocs/" local="3596153898" remote="3596153898" Dst="-1" /><file name="styles.scss" server="Macintosh HD/Applications/MAMP/htdocs/" local="3595801784" remote="3595801784" Dst="-1" /><file name="_getting-started.scss" server="Macintosh HD/Applications/MAMP/htdocs/" local="3595718002" remote="3595718002" Dst="-1" /><file name="_mixins.scss" server="Macintosh HD/Applications/MAMP/htdocs/" local="3594837052" remote="3594837052" Dst="-1" /><file name="_footer.scss" server="Macintosh HD/Applications/MAMP/htdocs/" local="3595093035" remote="3595093035" Dst="-1" /><file name="_elements.scss" server="Macintosh HD/Applications/MAMP/htdocs/" local="3595803009" remote="3595803009" Dst="-1" /><file name="_program.scss" server="Macintosh HD/Applications/MAMP/htdocs/" local="3595799168" remote="3595799168" Dst="-1" /><file name="_wodify.scss" server="Macintosh HD/Applications/MAMP/htdocs/" local="3595633621" remote="3595633621" Dst="-1" /><file name="_classes.scss" server="Macintosh HD/Applications/MAMP/htdocs/" local="3595189714" remote="3595189714" Dst="-1" /></dwsync>