<?xml version="1.0" encoding="utf-8" ?><dwsync><file name="coachpatricia.JPG" server="www.crossfitdeviate.com/public_html/projectdv8/" local="3591294900" remote="3596231760" Dst="-1" /><file name="coach-jami.JPG" server="www.crossfitdeviate.com/public_html/projectdv8/" local="3591294900" remote="3596231760" Dst="-1" /><file name="DV8 - icon logo - 1 - final.png" server="www.crossfitdeviate.com/public_html/projectdv8/" local="3591295380" remote="3596231820" Dst="-1" /><file name="coach-brian.jpg" server="www.crossfitdeviate.com/public_html/projectdv8/" local="3553289370" remote="3596231760" Dst="-1" /><file name="DSC_0162_BW.jpg" server="www.crossfitdeviate.com/public_html/projectdv8/" local="3592770622" remote="3596231820" Dst="-1" /><file name="coachem.JPG" server="www.crossfitdeviate.com/public_html/projectdv8/" local="3591294900" remote="3596231760" Dst="-1" /><file name="DV8 - icon logo - 2 - final.png" server="www.crossfitdeviate.com/public_html/projectdv8/" local="3591295500" remote="3596231820" Dst="-1" /><file name="promoslide3.jpg" server="www.crossfitdeviate.com/public_html/projectdv8/" local="3573323978" remote="3596231820" Dst="-1" /><file name="DSC_0051.JPG" server="www.crossfitdeviate.com/public_html/projectdv8/" local="3592950630" remote="3596231760" Dst="-1" /><file name="coachhayley.JPG" server="www.crossfitdeviate.com/public_html/projectdv8/" local="3591294900" remote="3596231760" Dst="-1" /><file name="DSC_0057_bw.png" server="www.crossfitdeviate.com/public_html/projectdv8/" local="3592771791" remote="3596231760" Dst="-1" /><file name="Chad-bio.JPG" server="www.crossfitdeviate.com/public_html/projectdv8/" local="3545524800" remote="3596231760" Dst="-1" /><file name="coach-murley.JPG" server="www.crossfitdeviate.com/public_html/projectdv8/" local="3591294900" remote="3596231760" Dst="-1" /><file name="DSC_0067.JPG" server="www.crossfitdeviate.com/public_html/projectdv8/" local="3592951637" remote="3596231820" Dst="-1" /><file name="coach-pat.JPG" server="www.crossfitdeviate.com/public_html/projectdv8/" local="3591294900" remote="3596231760" Dst="-1" /><file name="DSC_0077_bw.jpg" server="www.crossfitdeviate.com/public_html/projectdv8/" local="3592771388" remote="3596231820" Dst="-1" /><file name="DSC_0048.JPG" server="www.crossfitdeviate.com/public_html/projectdv8/" local="3592764317" remote="3596231760" Dst="-1" /><file name="coach-brian.jpg" server="Macintosh HD/Applications/MAMP/htdocs/" local="3553289370" remote="3553289370" Dst="-1" /><file name="coachpatricia.JPG" server="Macintosh HD/Applications/MAMP/htdocs/" local="3591294900" remote="3591294900" Dst="-1" /><file name="coach-jami.JPG" server="Macintosh HD/Applications/MAMP/htdocs/" local="3591294900" remote="3591294900" Dst="-1" /><file name="DSC_0162_BW.jpg" server="Macintosh HD/Applications/MAMP/htdocs/" local="3592770622" remote="3592770622" Dst="-1" /><file name="DV8 - icon logo - 1 - final.png" server="Macintosh HD/Applications/MAMP/htdocs/" local="3591295380" remote="3591295380" Dst="-1" /><file name="DV8 - icon logo - 2 - final.png" server="Macintosh HD/Applications/MAMP/htdocs/" local="3591295500" remote="3591295500" Dst="-1" /><file name="coachem.JPG" server="Macintosh HD/Applications/MAMP/htdocs/" local="3591294900" remote="3591294900" Dst="-1" /><file name="DSC_0051.JPG" server="Macintosh HD/Applications/MAMP/htdocs/" local="3592950630" remote="3592950630" Dst="-1" /><file name="DSC_0067.JPG" server="Macintosh HD/Applications/MAMP/htdocs/" local="3592951637" remote="3592951637" Dst="-1" /><file name="promoslide3.jpg" server="Macintosh HD/Applications/MAMP/htdocs/" local="3573323978" remote="3573323978" Dst="-1" /><file name="coachhayley.JPG" server="Macintosh HD/Applications/MAMP/htdocs/" local="3591294900" remote="3591294900" Dst="-1" /><file name="DSC_0057_bw.png" server="Macintosh HD/Applications/MAMP/htdocs/" local="3592771791" remote="3592771791" Dst="-1" /><file name="DSC_0048.JPG" server="Macintosh HD/Applications/MAMP/htdocs/" local="3592764317" remote="3592764317" Dst="-1" /><file name="Chad-bio.JPG" server="Macintosh HD/Applications/MAMP/htdocs/" local="3545524800" remote="3545524800" Dst="-1" /><file name="coach-murley.JPG" server="Macintosh HD/Applications/MAMP/htdocs/" local="3591294900" remote="3591294900" Dst="-1" /><file name="coach-pat.JPG" server="Macintosh HD/Applications/MAMP/htdocs/" local="3591294900" remote="3591294900" Dst="-1" /><file name="DSC_0077_bw.jpg" server="Macintosh HD/Applications/MAMP/htdocs/" local="3592771388" remote="3592771388" Dst="-1" /></dwsync>