<?xml version="1.0" encoding="utf-8" ?><dwsync><file name="jquery-1.11.3.min.js" server="Macintosh HD/Applications/XAMPP/xamppfiles/htdocs" local="3580409567" remote="3580409567" Dst="-1" /><file name="bootstrap-3.3.7.js" server="Macintosh HD/Applications/XAMPP/xamppfiles/htdocs" local="3580409567" remote="3580409567" Dst="-1" /><file name="jquery-1.11.3.min.js" server="www.crossfitdeviate.com/public_html/projectdv8/" local="3580409567" remote="3596231820" Dst="-1" /><file name="bootstrap-3.3.7.js" server="www.crossfitdeviate.com/public_html/projectdv8/" local="3580409567" remote="3596231820" Dst="-1" /><file name="site_jquery.js" server="www.crossfitdeviate.com/public_html/projectdv8/" local="3596151870" remote="3596231820" Dst="-1" /><file name="carousel.js" server="www.crossfitdeviate.com/public_html/projectdv8/" local="3591294720" remote="3596231820" Dst="-1" /><file name="jquery-1.11.3.min.js" server="Macintosh HD/Applications/MAMP/htdocs/" local="3580409567" remote="3580409567" Dst="-1" /><file name="bootstrap-3.3.7.js" server="Macintosh HD/Applications/MAMP/htdocs/" local="3580409567" remote="3580409567" Dst="-1" /><file name="site_jquery.js" server="Macintosh HD/Applications/MAMP/htdocs/" local="3596151870" remote="3596151870" Dst="-1" /><file name="carousel.js" server="Macintosh HD/Applications/MAMP/htdocs/" local="3591294720" remote="3591294720" Dst="-1" /></dwsync>