<?xml version="1.0" encoding="utf-8" ?><dwsync><file name="sqlite_driver.php" server="www.crossfitdeviate.com/public_html/projectdv8/" local="3589195438" remote="3596231820" Dst="-1" /><file name="sqlite_result.php" server="www.crossfitdeviate.com/public_html/projectdv8/" local="3589195438" remote="3596231820" Dst="-1" /><file name="index.html" server="www.crossfitdeviate.com/public_html/projectdv8/" local="3589195438" remote="3596231820" Dst="-1" /><file name="sqlite_utility.php" server="www.crossfitdeviate.com/public_html/projectdv8/" local="3589195438" remote="3596231820" Dst="-1" /><file name="sqlite_forge.php" server="www.crossfitdeviate.com/public_html/projectdv8/" local="3589195438" remote="3596231820" Dst="-1" /><file name="sqlite_driver.php" server="Macintosh HD/Applications/MAMP/htdocs/" local="3589195438" remote="3589195438" Dst="-1" /><file name="sqlite_result.php" server="Macintosh HD/Applications/MAMP/htdocs/" local="3589195438" remote="3589195438" Dst="-1" /><file name="index.html" server="Macintosh HD/Applications/MAMP/htdocs/" local="3589195438" remote="3589195438" Dst="-1" /><file name="sqlite_utility.php" server="Macintosh HD/Applications/MAMP/htdocs/" local="3589195438" remote="3589195438" Dst="-1" /><file name="sqlite_forge.php" server="Macintosh HD/Applications/MAMP/htdocs/" local="3589195438" remote="3589195438" Dst="-1" /></dwsync>