<?xml version="1.0" encoding="utf-8" ?><dwsync><file name="Cache_redis.php" server="www.crossfitdeviate.com/public_html/projectdv8/" local="3589195438" remote="3596231820" Dst="-1" /><file name="index.html" server="www.crossfitdeviate.com/public_html/projectdv8/" local="3589195438" remote="3596231820" Dst="-1" /><file name="Cache_memcached.php" server="www.crossfitdeviate.com/public_html/projectdv8/" local="3589195438" remote="3596231820" Dst="-1" /><file name="Cache_wincache.php" server="www.crossfitdeviate.com/public_html/projectdv8/" local="3589195438" remote="3596231820" Dst="-1" /><file name="Cache_file.php" server="www.crossfitdeviate.com/public_html/projectdv8/" local="3589195438" remote="3596231820" Dst="-1" /><file name="Cache_apc.php" server="www.crossfitdeviate.com/public_html/projectdv8/" local="3589195438" remote="3596231820" Dst="-1" /><file name="Cache_dummy.php" server="www.crossfitdeviate.com/public_html/projectdv8/" local="3589195438" remote="3596231820" Dst="-1" /><file name="Cache_redis.php" server="Macintosh HD/Applications/MAMP/htdocs/" local="3589195438" remote="3589195438" Dst="-1" /><file name="index.html" server="Macintosh HD/Applications/MAMP/htdocs/" local="3589195438" remote="3589195438" Dst="-1" /><file name="Cache_memcached.php" server="Macintosh HD/Applications/MAMP/htdocs/" local="3589195438" remote="3589195438" Dst="-1" /><file name="Cache_wincache.php" server="Macintosh HD/Applications/MAMP/htdocs/" local="3589195438" remote="3589195438" Dst="-1" /><file name="Cache_file.php" server="Macintosh HD/Applications/MAMP/htdocs/" local="3589195438" remote="3589195438" Dst="-1" /><file name="Cache_apc.php" server="Macintosh HD/Applications/MAMP/htdocs/" local="3589195438" remote="3589195438" Dst="-1" /><file name="Cache_dummy.php" server="Macintosh HD/Applications/MAMP/htdocs/" local="3589195438" remote="3589195438" Dst="-1" /></dwsync>