<?xml version="1.0" encoding="utf-8" ?><dwsync><file name="001_createImgTable.php" server="www.crossfitdeviate.com/public_html/projectdv8/" local="3595634868" remote="3596231640" Dst="-1" /><file name="004_createSession.php" server="www.crossfitdeviate.com/public_html/projectdv8/" local="3595972268" remote="3596231640" Dst="-1" /><file name="002_createMembership.php" server="www.crossfitdeviate.com/public_html/projectdv8/" local="3595971907" remote="3596231640" Dst="-1" /><file name="005_createUser.php" server="www.crossfitdeviate.com/public_html/projectdv8/" local="3595973063" remote="3596231640" Dst="-1" /><file name="003_createWodify.php" server="www.crossfitdeviate.com/public_html/projectdv8/" local="3595544625" remote="3596231640" Dst="-1" /><file name="001_createImgTable.php" server="Macintosh HD/Applications/MAMP/htdocs/" local="3595634868" remote="3595634868" Dst="-1" /><file name="004_createSession.php" server="Macintosh HD/Applications/MAMP/htdocs/" local="3595972268" remote="3595972268" Dst="-1" /><file name="002_createMembership.php" server="Macintosh HD/Applications/MAMP/htdocs/" local="3595971907" remote="3595971907" Dst="-1" /><file name="005_createUser.php" server="Macintosh HD/Applications/MAMP/htdocs/" local="3595973063" remote="3595973063" Dst="-1" /><file name="003_createWodify.php" server="Macintosh HD/Applications/MAMP/htdocs/" local="3595544625" remote="3595544625" Dst="-1" /></dwsync>