<?xml version="1.0" encoding="utf-8" ?><dwsync><file name="glyphicons-halflings-regular.eot" server="Macintosh HD/Applications/XAMPP/xamppfiles/htdocs" local="3592939124" remote="3592939124" Dst="-1" /><file name="glyphicons-halflings-regular.woff2" server="Macintosh HD/Applications/XAMPP/xamppfiles/htdocs" local="3592939124" remote="3592939124" Dst="-1" /><file name="glyphicons-halflings-regular.woff" server="Macintosh HD/Applications/XAMPP/xamppfiles/htdocs" local="3592939124" remote="3592939124" Dst="-1" /><file name="glyphicons-halflings-regular.ttf" server="Macintosh HD/Applications/XAMPP/xamppfiles/htdocs" local="3592939124" remote="3592939124" Dst="-1" /><file name="glyphicons-halflings-regular.eot" server="www.crossfitdeviate.com/public_html/projectdv8/" local="3592939124" remote="3596231760" Dst="-1" /><file name="glyphicons-halflings-regular.woff" server="www.crossfitdeviate.com/public_html/projectdv8/" local="3592939124" remote="3596231760" Dst="-1" /><file name="glyphicons-halflings-regular.woff2" server="www.crossfitdeviate.com/public_html/projectdv8/" local="3592939124" remote="3596231760" Dst="-1" /><file name="glyphicons-halflings-regular.ttf" server="www.crossfitdeviate.com/public_html/projectdv8/" local="3592939124" remote="3596231760" Dst="-1" /><file name="glyphicons-halflings-regular.svg" server="www.crossfitdeviate.com/public_html/projectdv8/" local="3592939124" remote="3596231760" Dst="-1" /><file name="glyphicons-halflings-regular.woff" server="Macintosh HD/Applications/MAMP/htdocs/" local="3592939124" remote="3592939124" Dst="-1" /><file name="glyphicons-halflings-regular.eot" server="Macintosh HD/Applications/MAMP/htdocs/" local="3592939124" remote="3592939124" Dst="-1" /><file name="glyphicons-halflings-regular.woff2" server="Macintosh HD/Applications/MAMP/htdocs/" local="3592939124" remote="3592939124" Dst="-1" /><file name="glyphicons-halflings-regular.ttf" server="Macintosh HD/Applications/MAMP/htdocs/" local="3592939124" remote="3592939124" Dst="-1" /><file name="glyphicons-halflings-regular.svg" server="Macintosh HD/Applications/MAMP/htdocs/" local="3592939124" remote="3592939124" Dst="-1" /></dwsync>