<?xml version="1.0" encoding="utf-8" ?><dwsync><file name="pdo_odbc_driver.php" server="www.crossfitdeviate.com/public_html/projectdv8/" local="3589195438" remote="3596231820" Dst="-1" /><file name="pdo_4d_driver.php" server="www.crossfitdeviate.com/public_html/projectdv8/" local="3589195438" remote="3596231820" Dst="-1" /><file name="pdo_sqlsrv_driver.php" server="www.crossfitdeviate.com/public_html/projectdv8/" local="3589195438" remote="3596231820" Dst="-1" /><file name="pdo_sqlite_forge.php" server="www.crossfitdeviate.com/public_html/projectdv8/" local="3589195438" remote="3596231820" Dst="-1" /><file name="pdo_oci_forge.php" server="www.crossfitdeviate.com/public_html/projectdv8/" local="3589195438" remote="3596231820" Dst="-1" /><file name="index.html" server="www.crossfitdeviate.com/public_html/projectdv8/" local="3589195438" remote="3596231820" Dst="-1" /><file name="pdo_dblib_forge.php" server="www.crossfitdeviate.com/public_html/projectdv8/" local="3589195438" remote="3596231820" Dst="-1" /><file name="pdo_cubrid_forge.php" server="www.crossfitdeviate.com/public_html/projectdv8/" local="3589195438" remote="3596231820" Dst="-1" /><file name="pdo_dblib_driver.php" server="www.crossfitdeviate.com/public_html/projectdv8/" local="3589195438" remote="3596231820" Dst="-1" /><file name="pdo_pgsql_forge.php" server="www.crossfitdeviate.com/public_html/projectdv8/" local="3589195438" remote="3596231820" Dst="-1" /><file name="pdo_ibm_forge.php" server="www.crossfitdeviate.com/public_html/projectdv8/" local="3589195438" remote="3596231820" Dst="-1" /><file name="pdo_pgsql_driver.php" server="www.crossfitdeviate.com/public_html/projectdv8/" local="3589195438" remote="3596231820" Dst="-1" /><file name="pdo_informix_driver.php" server="www.crossfitdeviate.com/public_html/projectdv8/" local="3589195438" remote="3596231820" Dst="-1" /><file name="pdo_mysql_driver.php" server="www.crossfitdeviate.com/public_html/projectdv8/" local="3589195438" remote="3596231820" Dst="-1" /><file name="pdo_4d_forge.php" server="www.crossfitdeviate.com/public_html/projectdv8/" local="3589195438" remote="3596231820" Dst="-1" /><file name="pdo_oci_driver.php" server="www.crossfitdeviate.com/public_html/projectdv8/" local="3589195438" remote="3596231820" Dst="-1" /><file name="pdo_ibm_driver.php" server="www.crossfitdeviate.com/public_html/projectdv8/" local="3589195438" remote="3596231820" Dst="-1" /><file name="pdo_sqlite_driver.php" server="www.crossfitdeviate.com/public_html/projectdv8/" local="3589195438" remote="3596231820" Dst="-1" /><file name="pdo_mysql_forge.php" server="www.crossfitdeviate.com/public_html/projectdv8/" local="3589195438" remote="3596231820" Dst="-1" /><file name="pdo_cubrid_driver.php" server="www.crossfitdeviate.com/public_html/projectdv8/" local="3589195438" remote="3596231820" Dst="-1" /><file name="pdo_sqlsrv_forge.php" server="www.crossfitdeviate.com/public_html/projectdv8/" local="3589195438" remote="3596231820" Dst="-1" /><file name="pdo_firebird_forge.php" server="www.crossfitdeviate.com/public_html/projectdv8/" local="3589195438" remote="3596231820" Dst="-1" /><file name="pdo_odbc_forge.php" server="www.crossfitdeviate.com/public_html/projectdv8/" local="3589195438" remote="3596231820" Dst="-1" /><file name="pdo_informix_forge.php" server="www.crossfitdeviate.com/public_html/projectdv8/" local="3589195438" remote="3596231820" Dst="-1" /><file name="pdo_firebird_driver.php" server="www.crossfitdeviate.com/public_html/projectdv8/" local="3589195438" remote="3596231820" Dst="-1" /><file name="pdo_odbc_driver.php" server="Macintosh HD/Applications/MAMP/htdocs/" local="3589195438" remote="3589195438" Dst="-1" /><file name="pdo_4d_driver.php" server="Macintosh HD/Applications/MAMP/htdocs/" local="3589195438" remote="3589195438" Dst="-1" /><file name="pdo_sqlsrv_driver.php" server="Macintosh HD/Applications/MAMP/htdocs/" local="3589195438" remote="3589195438" Dst="-1" /><file name="pdo_sqlite_forge.php" server="Macintosh HD/Applications/MAMP/htdocs/" local="3589195438" remote="3589195438" Dst="-1" /><file name="pdo_oci_forge.php" server="Macintosh HD/Applications/MAMP/htdocs/" local="3589195438" remote="3589195438" Dst="-1" /><file name="index.html" server="Macintosh HD/Applications/MAMP/htdocs/" local="3589195438" remote="3589195438" Dst="-1" /><file name="pdo_dblib_forge.php" server="Macintosh HD/Applications/MAMP/htdocs/" local="3589195438" remote="3589195438" Dst="-1" /><file name="pdo_cubrid_forge.php" server="Macintosh HD/Applications/MAMP/htdocs/" local="3589195438" remote="3589195438" Dst="-1" /><file name="pdo_dblib_driver.php" server="Macintosh HD/Applications/MAMP/htdocs/" local="3589195438" remote="3589195438" Dst="-1" /><file name="pdo_pgsql_driver.php" server="Macintosh HD/Applications/MAMP/htdocs/" local="3589195438" remote="3589195438" Dst="-1" /><file name="pdo_pgsql_forge.php" server="Macintosh HD/Applications/MAMP/htdocs/" local="3589195438" remote="3589195438" Dst="-1" /><file name="pdo_ibm_forge.php" server="Macintosh HD/Applications/MAMP/htdocs/" local="3589195438" remote="3589195438" Dst="-1" /><file name="pdo_informix_driver.php" server="Macintosh HD/Applications/MAMP/htdocs/" local="3589195438" remote="3589195438" Dst="-1" /><file name="pdo_mysql_driver.php" server="Macintosh HD/Applications/MAMP/htdocs/" local="3589195438" remote="3589195438" Dst="-1" /><file name="pdo_4d_forge.php" server="Macintosh HD/Applications/MAMP/htdocs/" local="3589195438" remote="3589195438" Dst="-1" /><file name="pdo_oci_driver.php" server="Macintosh HD/Applications/MAMP/htdocs/" local="3589195438" remote="3589195438" Dst="-1" /><file name="pdo_ibm_driver.php" server="Macintosh HD/Applications/MAMP/htdocs/" local="3589195438" remote="3589195438" Dst="-1" /><file name="pdo_sqlite_driver.php" server="Macintosh HD/Applications/MAMP/htdocs/" local="3589195438" remote="3589195438" Dst="-1" /><file name="pdo_mysql_forge.php" server="Macintosh HD/Applications/MAMP/htdocs/" local="3589195438" remote="3589195438" Dst="-1" /><file name="pdo_cubrid_driver.php" server="Macintosh HD/Applications/MAMP/htdocs/" local="3589195438" remote="3589195438" Dst="-1" /><file name="pdo_sqlsrv_forge.php" server="Macintosh HD/Applications/MAMP/htdocs/" local="3589195438" remote="3589195438" Dst="-1" /><file name="pdo_firebird_forge.php" server="Macintosh HD/Applications/MAMP/htdocs/" local="3589195438" remote="3589195438" Dst="-1" /><file name="pdo_odbc_forge.php" server="Macintosh HD/Applications/MAMP/htdocs/" local="3589195438" remote="3589195438" Dst="-1" /><file name="pdo_informix_forge.php" server="Macintosh HD/Applications/MAMP/htdocs/" local="3589195438" remote="3589195438" Dst="-1" /><file name="pdo_firebird_driver.php" server="Macintosh HD/Applications/MAMP/htdocs/" local="3589195438" remote="3589195438" Dst="-1" /></dwsync>