<?xml version="1.0" encoding="utf-8" ?><dwsync><file name="index.html" server="www.crossfitdeviate.com/public_html/projectdv8/" local="3589195438" remote="3596231640" Dst="-1" /><file name="index.php" server="www.crossfitdeviate.com/public_html/projectdv8/" local="3596150230" remote="3596231640" Dst="-1" /><file name="admin.php" server="www.crossfitdeviate.com/public_html/projectdv8/" local="3596069987" remote="3596231640" Dst="-1" /><file name="migration.php" server="www.crossfitdeviate.com/public_html/projectdv8/" local="3595369750" remote="3596231640" Dst="-1" /><file name="Welcome.php" server="www.crossfitdeviate.com/public_html/projectdv8/" local="3589195438" remote="3596231640" Dst="-1" /><file name="index.html" server="Macintosh HD/Applications/MAMP/htdocs/" local="3589195438" remote="3589195438" Dst="-1" /><file name="index.php" server="Macintosh HD/Applications/MAMP/htdocs/" local="3596150230" remote="3596150230" Dst="-1" /><file name="admin.php" server="Macintosh HD/Applications/MAMP/htdocs/" local="3596069987" remote="3596069987" Dst="-1" /><file name="migration.php" server="Macintosh HD/Applications/MAMP/htdocs/" local="3595369750" remote="3595369750" Dst="-1" /><file name="Welcome.php" server="Macintosh HD/Applications/MAMP/htdocs/" local="3589195438" remote="3589195438" Dst="-1" /></dwsync>