<?xml version="1.0" encoding="utf-8" ?><dwsync><file name="checking.php" server="Macintosh HD/Applications/XAMPP/xamppfiles/htdocs" local="3594240836" remote="3594240836" Dst="-1" /><file name="connect.php" server="Macintosh HD/Applications/MAMP/htdocs" local="3594286995" remote="3594286995" Dst="-1" /><file name="index.php" server="www.crossfitdeviate.com/public_html/projectdv8/" local="3596237626" remote="3596231640" Dst="-1" /><file name=".buildpath" server="www.crossfitdeviate.com/public_html/projectdv8/" local="3594305800" remote="3596146740" Dst="-1" /><file name="connect.php" server="www.crossfitdeviate.com/public_html/projectdv8/" local="3594302062" remote="3596231640" Dst="-1" /><file name=".editorconfig" server="www.crossfitdeviate.com/public_html/projectdv8/" local="3589195438" remote="3596146740" Dst="-1" /><file name="imgbackup.php" server="www.crossfitdeviate.com/public_html/projectdv8/" local="3595971942" remote="3596231640" Dst="-1" /><file name=".gitignore" server="www.crossfitdeviate.com/public_html/projectdv8/" local="3589195438" remote="3596146800" Dst="-1" /><file name="contributing.md" server="www.crossfitdeviate.com/public_html/projectdv8/" local="3589195438" remote="3596231640" Dst="-1" /><file name=".project" server="www.crossfitdeviate.com/public_html/projectdv8/" local="3594305806" remote="3596146800" Dst="-1" /><file name="checking.php" server="www.crossfitdeviate.com/public_html/projectdv8/" local="3594240836" remote="3596231640" Dst="-1" /><file name="config.rb" server="www.crossfitdeviate.com/public_html/projectdv8/" local="3594506741" remote="3596231640" Dst="-1" /><file name="readme.rst" server="www.crossfitdeviate.com/public_html/projectdv8/" local="3589195438" remote="3596231820" Dst="-1" /><file name="license.txt" server="www.crossfitdeviate.com/public_html/projectdv8/" local="3589195438" remote="3596231640" Dst="-1" /><file name="composer.json" server="www.crossfitdeviate.com/public_html/projectdv8/" local="3589195438" remote="3596231640" Dst="-1" /><file name=".htaccess" server="www.crossfitdeviate.com/public_html/projectdv8/" local="3594573531" remote="3596146800" Dst="-1" /><file name="index.php" server="Macintosh HD/Applications/MAMP/htdocs/" local="3596237626" remote="3596237626" Dst="-1" /><file name=".buildpath" server="Macintosh HD/Applications/MAMP/htdocs/" local="3594305800" remote="3594305800" Dst="-1" /><file name="connect.php" server="Macintosh HD/Applications/MAMP/htdocs/" local="3594302062" remote="3594302062" Dst="-1" /><file name=".editorconfig" server="Macintosh HD/Applications/MAMP/htdocs/" local="3589195438" remote="3589195438" Dst="-1" /><file name=".gitignore" server="Macintosh HD/Applications/MAMP/htdocs/" local="3589195438" remote="3589195438" Dst="-1" /><file name="imgbackup.php" server="Macintosh HD/Applications/MAMP/htdocs/" local="3595971942" remote="3595971942" Dst="-1" /><file name="contributing.md" server="Macintosh HD/Applications/MAMP/htdocs/" local="3589195438" remote="3589195438" Dst="-1" /><file name=".project" server="Macintosh HD/Applications/MAMP/htdocs/" local="3594305806" remote="3594305806" Dst="-1" /><file name="checking.php" server="Macintosh HD/Applications/MAMP/htdocs/" local="3594240836" remote="3594240836" Dst="-1" /><file name="config.rb" server="Macintosh HD/Applications/MAMP/htdocs/" local="3594506741" remote="3594506741" Dst="-1" /><file name="readme.rst" server="Macintosh HD/Applications/MAMP/htdocs/" local="3589195438" remote="3589195438" Dst="-1" /><file name="license.txt" server="Macintosh HD/Applications/MAMP/htdocs/" local="3589195438" remote="3589195438" Dst="-1" /><file name="composer.json" server="Macintosh HD/Applications/MAMP/htdocs/" local="3589195438" remote="3589195438" Dst="-1" /><file name=".htaccess" server="Macintosh HD/Applications/MAMP/htdocs/" local="3594573531" remote="3594573531" Dst="-1" /></dwsync>