<?xml version="1.0" encoding="utf-8" ?><dwsync><file name="transition.js" server="www.crossfitdeviate.com/public_html/projectdv8/" local="3594227771" remote="3596231760" Dst="-1" /><file name="tooltip.js" server="www.crossfitdeviate.com/public_html/projectdv8/" local="3594227771" remote="3596231760" Dst="-1" /><file name="collapse.js" server="www.crossfitdeviate.com/public_html/projectdv8/" local="3594227771" remote="3596231760" Dst="-1" /><file name="scrollspy.js" server="www.crossfitdeviate.com/public_html/projectdv8/" local="3594227771" remote="3596231760" Dst="-1" /><file name="dropdown.js" server="www.crossfitdeviate.com/public_html/projectdv8/" local="3594227771" remote="3596231760" Dst="-1" /><file name="tab.js" server="www.crossfitdeviate.com/public_html/projectdv8/" local="3594227771" remote="3596231760" Dst="-1" /><file name="popover.js" server="www.crossfitdeviate.com/public_html/projectdv8/" local="3594227771" remote="3596231760" Dst="-1" /><file name="alert.js" server="www.crossfitdeviate.com/public_html/projectdv8/" local="3594227771" remote="3596231760" Dst="-1" /><file name="button.js" server="www.crossfitdeviate.com/public_html/projectdv8/" local="3594227771" remote="3596231760" Dst="-1" /><file name="carousel.js" server="www.crossfitdeviate.com/public_html/projectdv8/" local="3594227771" remote="3596231760" Dst="-1" /><file name="modal.js" server="www.crossfitdeviate.com/public_html/projectdv8/" local="3594227771" remote="3596231760" Dst="-1" /><file name="affix.js" server="www.crossfitdeviate.com/public_html/projectdv8/" local="3594227771" remote="3596231760" Dst="-1" /><file name="transition.js" server="Macintosh HD/Applications/MAMP/htdocs/" local="3594227771" remote="3594227771" Dst="-1" /><file name="tooltip.js" server="Macintosh HD/Applications/MAMP/htdocs/" local="3594227771" remote="3594227771" Dst="-1" /><file name="collapse.js" server="Macintosh HD/Applications/MAMP/htdocs/" local="3594227771" remote="3594227771" Dst="-1" /><file name="scrollspy.js" server="Macintosh HD/Applications/MAMP/htdocs/" local="3594227771" remote="3594227771" Dst="-1" /><file name="dropdown.js" server="Macintosh HD/Applications/MAMP/htdocs/" local="3594227771" remote="3594227771" Dst="-1" /><file name="tab.js" server="Macintosh HD/Applications/MAMP/htdocs/" local="3594227771" remote="3594227771" Dst="-1" /><file name="popover.js" server="Macintosh HD/Applications/MAMP/htdocs/" local="3594227771" remote="3594227771" Dst="-1" /><file name="alert.js" server="Macintosh HD/Applications/MAMP/htdocs/" local="3594227771" remote="3594227771" Dst="-1" /><file name="button.js" server="Macintosh HD/Applications/MAMP/htdocs/" local="3594227771" remote="3594227771" Dst="-1" /><file name="carousel.js" server="Macintosh HD/Applications/MAMP/htdocs/" local="3594227771" remote="3594227771" Dst="-1" /><file name="modal.js" server="Macintosh HD/Applications/MAMP/htdocs/" local="3594227771" remote="3594227771" Dst="-1" /><file name="affix.js" server="Macintosh HD/Applications/MAMP/htdocs/" local="3594227771" remote="3594227771" Dst="-1" /></dwsync>