<?xml version="1.0" encoding="utf-8" ?><dwsync><file name="Email.php" server="www.crossfitdeviate.com/public_html/projectdv8/" local="3589195438" remote="3596231880" Dst="-1" /><file name="Encryption.php" server="www.crossfitdeviate.com/public_html/projectdv8/" local="3589195438" remote="3596231880" Dst="-1" /><file name="index.html" server="www.crossfitdeviate.com/public_html/projectdv8/" local="3589195438" remote="3596231880" Dst="-1" /><file name="Cart.php" server="www.crossfitdeviate.com/public_html/projectdv8/" local="3589195438" remote="3596231880" Dst="-1" /><file name="Parser.php" server="www.crossfitdeviate.com/public_html/projectdv8/" local="3589195438" remote="3596231880" Dst="-1" /><file name="Zip.php" server="www.crossfitdeviate.com/public_html/projectdv8/" local="3589195438" remote="3596231880" Dst="-1" /><file name="Typography.php" server="www.crossfitdeviate.com/public_html/projectdv8/" local="3589195438" remote="3596231880" Dst="-1" /><file name="Pagination.php" server="www.crossfitdeviate.com/public_html/projectdv8/" local="3589195438" remote="3596231880" Dst="-1" /><file name="Image_lib.php" server="www.crossfitdeviate.com/public_html/projectdv8/" local="3589195438" remote="3596231880" Dst="-1" /><file name="Xmlrpc.php" server="www.crossfitdeviate.com/public_html/projectdv8/" local="3589195438" remote="3596231880" Dst="-1" /><file name="Javascript.php" server="www.crossfitdeviate.com/public_html/projectdv8/" local="3589195438" remote="3596231880" Dst="-1" /><file name="Driver.php" server="www.crossfitdeviate.com/public_html/projectdv8/" local="3589195438" remote="3596231880" Dst="-1" /><file name="User_agent.php" server="www.crossfitdeviate.com/public_html/projectdv8/" local="3589195438" remote="3596231880" Dst="-1" /><file name="Upload.php" server="www.crossfitdeviate.com/public_html/projectdv8/" local="3589195438" remote="3596231880" Dst="-1" /><file name="Calendar.php" server="www.crossfitdeviate.com/public_html/projectdv8/" local="3589195438" remote="3596231880" Dst="-1" /><file name="Encrypt.php" server="www.crossfitdeviate.com/public_html/projectdv8/" local="3589195438" remote="3596231880" Dst="-1" /><file name="Form_validation.php" server="www.crossfitdeviate.com/public_html/projectdv8/" local="3589195438" remote="3596231880" Dst="-1" /><file name="Ftp.php" server="www.crossfitdeviate.com/public_html/projectdv8/" local="3589195438" remote="3596231880" Dst="-1" /><file name="Xmlrpcs.php" server="www.crossfitdeviate.com/public_html/projectdv8/" local="3589195438" remote="3596231880" Dst="-1" /><file name="Trackback.php" server="www.crossfitdeviate.com/public_html/projectdv8/" local="3589195438" remote="3596231880" Dst="-1" /><file name="Unit_test.php" server="www.crossfitdeviate.com/public_html/projectdv8/" local="3589195438" remote="3596231880" Dst="-1" /><file name="Table.php" server="www.crossfitdeviate.com/public_html/projectdv8/" local="3589195438" remote="3596231880" Dst="-1" /><file name="Migration.php" server="www.crossfitdeviate.com/public_html/projectdv8/" local="3589195438" remote="3596231880" Dst="-1" /><file name="Profiler.php" server="www.crossfitdeviate.com/public_html/projectdv8/" local="3589195438" remote="3596231880" Dst="-1" /><file name="Email.php" server="Macintosh HD/Applications/MAMP/htdocs/" local="3589195438" remote="3589195438" Dst="-1" /><file name="Encryption.php" server="Macintosh HD/Applications/MAMP/htdocs/" local="3589195438" remote="3589195438" Dst="-1" /><file name="index.html" server="Macintosh HD/Applications/MAMP/htdocs/" local="3589195438" remote="3589195438" Dst="-1" /><file name="Cart.php" server="Macintosh HD/Applications/MAMP/htdocs/" local="3589195438" remote="3589195438" Dst="-1" /><file name="Parser.php" server="Macintosh HD/Applications/MAMP/htdocs/" local="3589195438" remote="3589195438" Dst="-1" /><file name="Zip.php" server="Macintosh HD/Applications/MAMP/htdocs/" local="3589195438" remote="3589195438" Dst="-1" /><file name="Pagination.php" server="Macintosh HD/Applications/MAMP/htdocs/" local="3589195438" remote="3589195438" Dst="-1" /><file name="Typography.php" server="Macintosh HD/Applications/MAMP/htdocs/" local="3589195438" remote="3589195438" Dst="-1" /><file name="Image_lib.php" server="Macintosh HD/Applications/MAMP/htdocs/" local="3589195438" remote="3589195438" Dst="-1" /><file name="Xmlrpc.php" server="Macintosh HD/Applications/MAMP/htdocs/" local="3589195438" remote="3589195438" Dst="-1" /><file name="Javascript.php" server="Macintosh HD/Applications/MAMP/htdocs/" local="3589195438" remote="3589195438" Dst="-1" /><file name="Driver.php" server="Macintosh HD/Applications/MAMP/htdocs/" local="3589195438" remote="3589195438" Dst="-1" /><file name="User_agent.php" server="Macintosh HD/Applications/MAMP/htdocs/" local="3589195438" remote="3589195438" Dst="-1" /><file name="Upload.php" server="Macintosh HD/Applications/MAMP/htdocs/" local="3589195438" remote="3589195438" Dst="-1" /><file name="Calendar.php" server="Macintosh HD/Applications/MAMP/htdocs/" local="3589195438" remote="3589195438" Dst="-1" /><file name="Encrypt.php" server="Macintosh HD/Applications/MAMP/htdocs/" local="3589195438" remote="3589195438" Dst="-1" /><file name="Form_validation.php" server="Macintosh HD/Applications/MAMP/htdocs/" local="3589195438" remote="3589195438" Dst="-1" /><file name="Ftp.php" server="Macintosh HD/Applications/MAMP/htdocs/" local="3589195438" remote="3589195438" Dst="-1" /><file name="Xmlrpcs.php" server="Macintosh HD/Applications/MAMP/htdocs/" local="3589195438" remote="3589195438" Dst="-1" /><file name="Trackback.php" server="Macintosh HD/Applications/MAMP/htdocs/" local="3589195438" remote="3589195438" Dst="-1" /><file name="Unit_test.php" server="Macintosh HD/Applications/MAMP/htdocs/" local="3589195438" remote="3589195438" Dst="-1" /><file name="Table.php" server="Macintosh HD/Applications/MAMP/htdocs/" local="3589195438" remote="3589195438" Dst="-1" /><file name="Migration.php" server="Macintosh HD/Applications/MAMP/htdocs/" local="3589195438" remote="3589195438" Dst="-1" /><file name="Profiler.php" server="Macintosh HD/Applications/MAMP/htdocs/" local="3589195438" remote="3589195438" Dst="-1" /></dwsync>