<?xml version="1.0" encoding="utf-8" ?><dwsync><file name="autoload.php" server="www.crossfitdeviate.com/public_html/projectdv8/" local="3594306725" remote="3596231640" Dst="-1" /><file name="hooks.php" server="www.crossfitdeviate.com/public_html/projectdv8/" local="3589195438" remote="3596231640" Dst="-1" /><file name="index.html" server="www.crossfitdeviate.com/public_html/projectdv8/" local="3589195438" remote="3596231640" Dst="-1" /><file name="database.php" server="www.crossfitdeviate.com/public_html/projectdv8/" local="3594306596" remote="3596231640" Dst="-1" /><file name="smileys.php" server="www.crossfitdeviate.com/public_html/projectdv8/" local="3589195438" remote="3596231640" Dst="-1" /><file name="foreign_chars.php" server="www.crossfitdeviate.com/public_html/projectdv8/" local="3589195438" remote="3596231640" Dst="-1" /><file name="mimes.php" server="www.crossfitdeviate.com/public_html/projectdv8/" local="3589195438" remote="3596231640" Dst="-1" /><file name="config.php" server="www.crossfitdeviate.com/public_html/projectdv8/" local="3595971151" remote="3596231640" Dst="-1" /><file name="doctypes.php" server="www.crossfitdeviate.com/public_html/projectdv8/" local="3589195438" remote="3596231640" Dst="-1" /><file name="constants.php" server="www.crossfitdeviate.com/public_html/projectdv8/" local="3589195438" remote="3596231640" Dst="-1" /><file name="routes.php" server="www.crossfitdeviate.com/public_html/projectdv8/" local="3594573655" remote="3596231640" Dst="-1" /><file name="memcached.php" server="www.crossfitdeviate.com/public_html/projectdv8/" local="3589195438" remote="3596231640" Dst="-1" /><file name="user_agents.php" server="www.crossfitdeviate.com/public_html/projectdv8/" local="3589195438" remote="3596231640" Dst="-1" /><file name="migration.php" server="www.crossfitdeviate.com/public_html/projectdv8/" local="3595973012" remote="3596231640" Dst="-1" /><file name="profiler.php" server="www.crossfitdeviate.com/public_html/projectdv8/" local="3589195438" remote="3596231640" Dst="-1" /><file name="autoload.php" server="Macintosh HD/Applications/MAMP/htdocs/" local="3594306725" remote="3594306725" Dst="-1" /><file name="hooks.php" server="Macintosh HD/Applications/MAMP/htdocs/" local="3589195438" remote="3589195438" Dst="-1" /><file name="index.html" server="Macintosh HD/Applications/MAMP/htdocs/" local="3589195438" remote="3589195438" Dst="-1" /><file name="database.php" server="Macintosh HD/Applications/MAMP/htdocs/" local="3594306596" remote="3594306596" Dst="-1" /><file name="smileys.php" server="Macintosh HD/Applications/MAMP/htdocs/" local="3589195438" remote="3589195438" Dst="-1" /><file name="foreign_chars.php" server="Macintosh HD/Applications/MAMP/htdocs/" local="3589195438" remote="3589195438" Dst="-1" /><file name="mimes.php" server="Macintosh HD/Applications/MAMP/htdocs/" local="3589195438" remote="3589195438" Dst="-1" /><file name="config.php" server="Macintosh HD/Applications/MAMP/htdocs/" local="3595971151" remote="3595971151" Dst="-1" /><file name="doctypes.php" server="Macintosh HD/Applications/MAMP/htdocs/" local="3589195438" remote="3589195438" Dst="-1" /><file name="constants.php" server="Macintosh HD/Applications/MAMP/htdocs/" local="3589195438" remote="3589195438" Dst="-1" /><file name="routes.php" server="Macintosh HD/Applications/MAMP/htdocs/" local="3594573655" remote="3594573655" Dst="-1" /><file name="memcached.php" server="Macintosh HD/Applications/MAMP/htdocs/" local="3589195438" remote="3589195438" Dst="-1" /><file name="user_agents.php" server="Macintosh HD/Applications/MAMP/htdocs/" local="3589195438" remote="3589195438" Dst="-1" /><file name="migration.php" server="Macintosh HD/Applications/MAMP/htdocs/" local="3595973012" remote="3595973012" Dst="-1" /><file name="profiler.php" server="Macintosh HD/Applications/MAMP/htdocs/" local="3589195438" remote="3589195438" Dst="-1" /></dwsync>