<?xml version="1.0" encoding="utf-8" ?><dwsync><file name="hash.php" server="www.crossfitdeviate.com/public_html/projectdv8/" local="3589195438" remote="3596231820" Dst="-1" /><file name="index.html" server="www.crossfitdeviate.com/public_html/projectdv8/" local="3589195438" remote="3596231820" Dst="-1" /><file name="standard.php" server="www.crossfitdeviate.com/public_html/projectdv8/" local="3589195438" remote="3596231820" Dst="-1" /><file name="mbstring.php" server="www.crossfitdeviate.com/public_html/projectdv8/" local="3589195438" remote="3596231820" Dst="-1" /><file name="password.php" server="www.crossfitdeviate.com/public_html/projectdv8/" local="3589195438" remote="3596231820" Dst="-1" /><file name="hash.php" server="Macintosh HD/Applications/MAMP/htdocs/" local="3589195438" remote="3589195438" Dst="-1" /><file name="index.html" server="Macintosh HD/Applications/MAMP/htdocs/" local="3589195438" remote="3589195438" Dst="-1" /><file name="standard.php" server="Macintosh HD/Applications/MAMP/htdocs/" local="3589195438" remote="3589195438" Dst="-1" /><file name="mbstring.php" server="Macintosh HD/Applications/MAMP/htdocs/" local="3589195438" remote="3589195438" Dst="-1" /><file name="password.php" server="Macintosh HD/Applications/MAMP/htdocs/" local="3589195438" remote="3589195438" Dst="-1" /></dwsync>